{
  "equal_opportunity_sex": {
    "accuracy": 0.7508138320741969,
    "f1": 0.6340759448002165,
    "precision": 0.48543018920038666,
    "recall": 0.9139365574622985,
    "roc_auc": 0.906797593978548,
    "confusion_matrix": [
      [
        8709,
        3726
      ],
      [
        331,
        3515
      ]
    ]
  },
  "demographic_parity_sex": {
    "accuracy": 0.684785946809164,
    "f1": 0.5807874530305506,
    "precision": 0.42341591233920917,
    "recall": 0.9243369734789392,
    "roc_auc": 0.906797593978548,
    "confusion_matrix": [
      [
        7594,
        4841
      ],
      [
        291,
        3555
      ]
    ]
  },
  "equal_opportunity_race": {
    "accuracy": 0.7768564584484983,
    "f1": 0.6527100659592773,
    "precision": 0.5160997732426303,
    "recall": 0.8876755070202809,
    "roc_auc": 0.906797593978548,
    "confusion_matrix": [
      [
        9234,
        3201
      ],
      [
        432,
        3414
      ]
    ]
  },
  "demographic_parity_race": {
    "accuracy": 0.7709600147411093,
    "f1": 0.6467746518897414,
    "precision": 0.5087170317389361,
    "recall": 0.8876755070202809,
    "roc_auc": 0.906797593978548,
    "confusion_matrix": [
      [
        9138,
        3297
      ],
      [
        432,
        3414
      ]
    ]
  }
}