{
  "accuracy": 0.7932559425096739,
  "f1": 0.6684397163120568,
  "precision": 0.538058991436727,
  "recall": 0.8822152886115444,
  "roc_auc": 0.906797593978548,
  "confusion_matrix": [
    [
      9522,
      2913
    ],
    [
      453,
      3393
    ]
  ]
}